Rank,Block_ID,Lat,Lon,Risk Score (P=High),Prior Rat Count (1 Month),Prior Dumping Count (1 Month),Prior Rat Avg (3 Month),Dumping-Rat Interaction
1,40.6559_-73.9551,40.6559,-73.9551,0.98217493,7.0,0.0,5.0,0.0
2,40.8317_-73.9288,40.8317,-73.9288,0.9805039,7.0,0.0,21.666666666666668,0.0
3,40.8315_-73.9289,40.8315,-73.9289,0.97830313,11.0,0.0,25.666666666666668,0.0
4,40.7893_-73.9739,40.7893,-73.9739,0.9763797,18.0,2.0,21.666666666666668,36.0
5,40.8233_-73.939,40.8233,-73.939,0.9730546,3.0,0.0,3.333333333333333,0.0
6,40.633_-73.9705,40.633,-73.9705,0.9688649,2.0,0.0,2.333333333333333,0.0
7,40.8749_-73.8769,40.8749,-73.8769,0.9641032,1.0,0.0,1.6666666666666667,0.0
8,40.702_-73.9226,40.702,-73.9226,0.96374756,2.0,0.0,1.6666666666666667,0.0
9,40.6455_-73.9633,40.6455,-73.9633,0.96362865,1.0,0.0,1.6666666666666667,0.0
10,40.7919_-73.9694,40.7919,-73.9694,0.96358514,3.0,0.0,2.6666666666666665,0.0
11,40.8281_-73.9381,40.8281,-73.9381,0.96264637,1.0,0.0,2.0,0.0
12,40.6684_-73.9606,40.6684,-73.9606,0.96194184,3.0,0.0,1.6666666666666667,0.0
13,40.7814_-73.9482,40.7814,-73.9482,0.96183276,3.0,0.0,1.6666666666666667,0.0
14,40.8242_-73.9412,40.8242,-73.9412,0.96183276,2.0,0.0,1.6666666666666667,0.0
15,40.7989_-73.9621,40.7989,-73.9621,0.9616949,1.0,0.0,1.3333333333333333,0.0
16,40.6883_-73.9583,40.6883,-73.9583,0.9616828,4.0,0.0,2.0,0.0
17,40.6732_-73.9298,40.6732,-73.9298,0.9613936,2.0,0.0,1.6666666666666667,0.0
18,40.8539_-73.8648,40.8539,-73.8648,0.9613549,1.0,0.0,1.3333333333333333,0.0
19,40.8218_-73.9447,40.8218,-73.9447,0.9596965,1.0,0.0,1.6666666666666667,0.0
20,40.8033_-73.9567,40.8033,-73.9567,0.9596965,1.0,0.0,2.0,0.0
21,40.7602_-73.9968,40.7602,-73.9968,0.9596965,1.0,0.0,2.0,0.0
22,40.6764_-73.9414,40.6764,-73.9414,0.9589408,1.0,0.0,1.3333333333333333,0.0
23,40.5768_-73.9623,40.5768,-73.9623,0.95844305,1.0,0.0,1.0,0.0
24,40.8328_-73.9279,40.8328,-73.9279,0.95841044,1.0,0.0,1.3333333333333333,0.0
25,40.681_-73.9595,40.681,-73.9595,0.95529157,2.0,0.0,1.3333333333333333,0.0
26,40.8218_-73.9512,40.8218,-73.9512,0.9536268,1.0,0.0,1.0,0.0
27,40.6434_-73.9924,40.6434,-73.9924,0.95346653,1.0,0.0,1.0,0.0
28,40.606_-74.0865,40.606,-74.0865,0.9519152,2.0,0.0,1.3333333333333333,0.0
29,40.8557_-73.9294,40.8557,-73.9294,0.9518733,1.0,0.0,1.3333333333333333,0.0
30,40.7684_-73.9533,40.7684,-73.9533,0.9514572,3.0,0.0,1.6666666666666667,0.0
31,40.7313_-73.9845,40.7313,-73.9845,0.9503688,1.0,0.0,1.0,0.0
32,40.8201_-73.9374,40.8201,-73.9374,0.9503688,1.0,0.0,1.0,0.0
33,40.806_-73.9453,40.806,-73.9453,0.94369066,2.0,0.0,2.0,0.0
34,40.6515_-73.954,40.6515,-73.954,0.943504,2.0,0.0,2.333333333333333,0.0
35,40.8658_-73.8704,40.8658,-73.8704,0.94242775,1.0,0.0,1.0,0.0
36,40.6813_-73.9606,40.6813,-73.9606,0.9414769,1.0,0.0,1.0,0.0
37,40.6457_-73.9749,40.6457,-73.9749,0.93858784,1.0,0.0,1.3333333333333333,0.0
38,40.6518_-73.9603,40.6518,-73.9603,0.9350381,2.0,0.0,1.3333333333333333,0.0
39,40.7766_-73.9821,40.7766,-73.9821,0.9348133,1.0,0.0,1.3333333333333333,0.0
40,40.6804_-73.9428,40.6804,-73.9428,0.9345692,2.0,0.0,1.3333333333333333,0.0
41,40.7488_-73.9127,40.7488,-73.9127,0.9331526,2.0,0.0,1.6666666666666667,0.0
42,40.7231_-73.8687,40.7231,-73.8687,0.93201256,2.0,0.0,1.6666666666666667,0.0
43,40.8329_-73.9304,40.8329,-73.9304,0.93162304,2.0,0.0,1.3333333333333333,0.0
44,40.8528_-73.9201,40.8528,-73.9201,0.9302359,1.0,0.0,1.3333333333333333,0.0
45,40.7285_-73.9838,40.7285,-73.9838,0.92987585,3.0,0.0,2.0,0.0
46,40.8086_-73.9598,40.8086,-73.9598,0.9291141,1.0,0.0,1.3333333333333333,0.0
47,40.7457_-73.8992,40.7457,-73.8992,0.9285836,2.0,0.0,1.3333333333333333,0.0
48,40.8667_-73.9273,40.8667,-73.9273,0.9285202,1.0,0.0,1.3333333333333333,0.0
49,40.652_-73.9654,40.652,-73.9654,0.9261697,1.0,0.0,1.0,0.0
50,40.8335_-73.9249,40.8335,-73.9249,0.9243865,2.0,0.0,1.3333333333333333,0.0
51,40.8671_-73.9268,40.8671,-73.9268,0.92169964,2.0,0.0,1.0,0.0
52,40.8047_-73.9571,40.8047,-73.9571,0.9210813,1.0,0.0,0.6666666666666666,0.0
53,40.7097_-73.9654,40.7097,-73.9654,0.920189,1.0,0.0,1.0,0.0
54,40.6635_-73.9428,40.6635,-73.9428,0.9193394,1.0,0.0,1.0,0.0
55,40.819_-73.8543,40.819,-73.8543,0.91751426,1.0,0.0,1.0,0.0
56,40.8718_-73.8793,40.8718,-73.8793,0.91751426,1.0,0.0,1.0,0.0
57,40.6735_-73.9663,40.6735,-73.9663,0.9160129,1.0,0.0,1.3333333333333333,0.0
58,40.7639_-73.9183,40.7639,-73.9183,0.91571933,1.0,0.0,1.3333333333333333,0.0
59,40.6326_-73.9721,40.6326,-73.9721,0.91474265,4.0,1.0,2.333333333333333,4.0
60,40.7287_-73.8563,40.7287,-73.8563,0.9120249,1.0,0.0,1.3333333333333333,0.0
61,40.727_-73.9785,40.727,-73.9785,0.9111494,1.0,0.0,1.0,0.0
62,40.874_-73.9088,40.874,-73.9088,0.9096422,2.0,0.0,1.5,0.0
63,40.6076_-73.9843,40.6076,-73.9843,0.90962064,1.0,0.0,1.0,0.0
64,40.7715_-73.9527,40.7715,-73.9527,0.9069036,3.0,0.0,2.0,0.0
65,40.6869_-73.9208,40.6869,-73.9208,0.90662885,1.0,0.0,1.3333333333333333,0.0
66,40.6837_-73.94,40.6837,-73.94,0.905405,8.0,0.0,8.0,0.0
67,40.8416_-73.8835,40.8416,-73.8835,0.90499747,1.0,0.0,1.0,0.0
68,40.7095_-73.9518,40.7095,-73.9518,0.90425646,2.0,0.0,1.0,0.0
69,40.8094_-73.94,40.8094,-73.94,0.903021,3.0,0.0,3.0,0.0
70,40.6955_-73.942,40.6955,-73.942,0.9001135,1.0,0.0,1.0,0.0
71,40.7556_-73.9975,40.7556,-73.9975,0.8975762,4.0,0.0,2.0,0.0
72,40.6734_-73.9657,40.6734,-73.9657,0.8951733,1.0,0.0,1.0,0.0
73,40.6621_-73.9212,40.6621,-73.9212,0.89333105,1.0,0.0,1.6666666666666667,0.0
74,40.6822_-73.9499,40.6822,-73.9499,0.8915094,1.0,0.0,1.0,0.0
75,40.8035_-73.9492,40.8035,-73.9492,0.89014393,1.0,0.0,1.0,0.0
76,40.8741_-73.8803,40.8741,-73.8803,0.8889571,1.0,0.0,1.0,0.0
77,40.6824_-73.9249,40.6824,-73.9249,0.88491243,3.0,0.0,1.6666666666666667,0.0
78,40.7411_-73.9941,40.7411,-73.9941,0.88431823,1.0,0.0,0.6666666666666666,0.0
79,40.8346_-73.9422,40.8346,-73.9422,0.884065,1.0,0.0,1.0,0.0
80,40.7224_-73.8079,40.7224,-73.8079,0.8803486,11.0,0.0,11.0,0.0
81,40.7274_-73.9904,40.7274,-73.9904,0.8785144,1.0,0.0,1.0,0.0
82,40.6382_-74.0262,40.6382,-74.0262,0.87641925,1.0,0.0,0.6666666666666666,0.0
83,40.8669_-73.8891,40.8669,-73.8891,0.87562,1.0,0.0,1.0,0.0
84,40.8199_-73.9458,40.8199,-73.9458,0.8711085,2.0,0.0,1.0,0.0
85,40.7653_-73.918,40.7653,-73.918,0.8631397,2.0,0.0,1.5,0.0
86,40.7519_-74.0026,40.7519,-74.0026,0.8625318,1.0,0.0,1.0,0.0
87,40.7101_-73.9514,40.7101,-73.9514,0.8517768,1.0,0.0,1.0,0.0
88,40.6654_-73.922,40.6654,-73.922,0.85086507,1.0,0.0,1.0,0.0
89,40.7018_-73.9373,40.7018,-73.9373,0.8495545,1.0,0.0,1.0,0.0
90,40.8237_-73.9262,40.8237,-73.9262,0.84888595,1.0,0.0,1.0,0.0
91,40.6954_-73.9422,40.6954,-73.9422,0.8457914,1.0,0.0,1.0,0.0
92,40.6972_-73.9109,40.6972,-73.9109,0.8457914,1.0,0.0,1.0,0.0
93,40.7631_-73.7755,40.7631,-73.7755,0.84182155,1.0,0.0,1.0,0.0
94,40.6369_-73.9572,40.6369,-73.9572,0.8314863,1.0,0.0,0.6666666666666666,0.0
95,40.8604_-73.8655,40.8604,-73.8655,0.8312092,1.0,0.0,1.0,0.0
96,40.8759_-73.9106,40.8759,-73.9106,0.83077437,2.0,0.0,1.0,0.0
97,40.7888_-73.9499,40.7888,-73.9499,0.82822907,2.0,0.0,0.6666666666666666,0.0
98,40.7361_-73.9807,40.7361,-73.9807,0.8274022,0.0,1.0,2.0,0.0
99,40.8582_-73.9007,40.8582,-73.9007,0.8192285,1.0,0.0,1.0,0.0
100,40.6629_-73.9849,40.6629,-73.9849,0.8152505,1.0,0.0,1.0,0.0
101,40.793_-73.9738,40.793,-73.9738,0.8080192,1.0,0.0,0.3333333333333333,0.0
102,40.7251_-73.9831,40.7251,-73.9831,0.80772287,1.0,0.0,0.6666666666666666,0.0
103,40.7438_-73.9959,40.7438,-73.9959,0.80572563,1.0,0.0,1.0,0.0
104,40.7181_-73.8393,40.7181,-73.8393,0.797689,1.0,0.0,1.0,0.0
105,40.6786_-73.984,40.6786,-73.984,0.7840216,1.0,0.0,0.6666666666666666,0.0
106,40.8298_-73.9211,40.8298,-73.9211,0.78313625,1.0,0.0,0.6666666666666666,0.0
107,40.7143_-73.897,40.7143,-73.897,0.78231156,1.0,0.0,1.0,0.0
108,40.6805_-73.9223,40.6805,-73.9223,0.7777104,1.0,0.0,0.6666666666666666,0.0
109,40.762_-73.9989,40.762,-73.9989,0.7670473,0.0,0.0,2.0,0.0
110,40.7594_-73.8813,40.7594,-73.8813,0.76321596,2.0,0.0,1.0,0.0
111,40.6299_-73.9584,40.6299,-73.9584,0.75854427,0.0,1.0,1.3333333333333333,0.0
112,40.6761_-73.9567,40.6761,-73.9567,0.75738066,0.0,1.0,1.0,0.0
113,40.8409_-73.9114,40.8409,-73.9114,0.75097716,1.0,0.0,0.5,0.0
114,40.866_-73.8635,40.866,-73.8635,0.7421419,1.0,0.0,0.6666666666666666,0.0
115,40.6435_-74.0167,40.6435,-74.0167,0.7398197,1.0,0.0,0.6666666666666666,0.0
116,40.6872_-73.9554,40.6872,-73.9554,0.73939604,0.0,1.0,0.6666666666666666,0.0
117,40.8367_-73.9392,40.8367,-73.9392,0.73218685,1.0,0.0,0.5,0.0
118,40.7017_-73.91,40.7017,-73.91,0.72831964,1.0,0.0,0.6666666666666666,0.0
119,40.7087_-73.9508,40.7087,-73.9508,0.7277083,1.0,0.0,0.5,0.0
120,40.8342_-73.9296,40.8342,-73.9296,0.72261864,1.0,1.0,1.0,1.0
121,40.6995_-73.9216,40.6995,-73.9216,0.7157799,1.0,1.0,1.0,1.0
122,40.8311_-73.9042,40.8311,-73.9042,0.7060928,0.0,1.0,0.6666666666666666,0.0
123,40.6994_-73.947,40.6994,-73.947,0.7001974,1.0,0.0,0.5,0.0
124,40.6768_-73.9915,40.6768,-73.9915,0.6941718,0.0,2.0,0.6666666666666666,0.0
125,40.6024_-73.9934,40.6024,-73.9934,0.691803,1.0,0.0,0.5,0.0
126,40.701_-73.9096,40.701,-73.9096,0.6831506,0.0,1.0,0.6666666666666666,0.0
127,40.6129_-73.9233,40.6129,-73.9233,0.6785864,0.0,0.0,2.0,0.0
128,40.7053_-73.8982,40.7053,-73.8982,0.67749,0.0,2.0,1.0,0.0
129,40.7353_-74.0051,40.7353,-74.0051,0.6730956,1.0,0.0,0.3333333333333333,0.0
130,40.7596_-73.9974,40.7596,-73.9974,0.6534193,0.0,0.0,1.0,0.0
131,40.6622_-73.9525,40.6622,-73.9525,0.62057596,0.0,1.0,0.5,0.0
132,40.8215_-73.8949,40.8215,-73.8949,0.61706865,0.0,0.0,1.0,0.0
133,40.8195_-73.938,40.8195,-73.938,0.6091422,0.0,0.0,0.0,0.0
134,40.808_-73.9491,40.808,-73.9491,0.5971794,1.0,2.0,0.6666666666666666,2.0
135,40.8348_-73.9049,40.8348,-73.9049,0.590969,0.0,0.0,3.0,0.0
136,40.6144_-73.9216,40.6144,-73.9216,0.5897467,0.0,0.0,1.0,0.0
137,40.6793_-73.9459,40.6793,-73.9459,0.57958585,0.0,1.0,1.3333333333333333,0.0
138,40.8387_-73.9276,40.8387,-73.9276,0.5741846,0.0,1.0,0.6666666666666666,0.0
139,40.7376_-73.8597,40.7376,-73.8597,0.5665192,0.0,0.0,1.0,0.0
140,40.835_-73.9152,40.835,-73.9152,0.56642276,0.0,0.0,1.0,0.0
141,40.8176_-73.8999,40.8176,-73.8999,0.56221586,0.0,0.0,1.0,0.0
142,40.7902_-73.9494,40.7902,-73.9494,0.55797875,0.0,0.0,0.0,0.0
143,40.8239_-73.9261,40.8239,-73.9261,0.5492475,0.0,1.0,0.5,0.0
144,40.7334_-73.8642,40.7334,-73.8642,0.54818517,1.0,0.0,0.3333333333333333,0.0
145,40.8669_-73.9235,40.8669,-73.9235,0.54438746,0.0,1.0,0.5,0.0
146,40.704_-73.9088,40.704,-73.9088,0.5439001,0.0,0.0,2.0,0.0
147,40.6973_-73.9358,40.6973,-73.9358,0.53837883,0.0,0.0,0.0,0.0
148,40.612_-73.9794,40.612,-73.9794,0.5382562,0.0,1.0,0.3333333333333333,0.0
149,40.7181_-74.002,40.7181,-74.002,0.537014,0.0,0.0,0.0,0.0
150,40.6806_-73.9745,40.6806,-73.9745,0.535016,0.0,0.0,0.0,0.0
151,40.6775_-73.9463,40.6775,-73.9463,0.5314174,0.0,1.0,0.6666666666666666,0.0
152,40.6801_-73.9642,40.6801,-73.9642,0.52765983,0.0,0.0,0.0,0.0
153,40.6704_-73.9787,40.6704,-73.9787,0.52765983,0.0,0.0,0.0,0.0
154,40.7109_-73.8761,40.7109,-73.8761,0.5232735,0.0,0.0,1.0,0.0
155,40.7059_-73.9218,40.7059,-73.9218,0.523151,1.0,1.0,0.3333333333333333,1.0
156,40.6785_-73.95,40.6785,-73.95,0.52115345,0.0,0.0,0.0,0.0
157,40.6008_-73.9938,40.6008,-73.9938,0.52115345,0.0,0.0,0.0,0.0
158,40.8276_-73.8809,40.8276,-73.8809,0.52039075,0.0,2.0,1.0,0.0
159,40.5572_-74.1187,40.5572,-74.1187,0.51716477,0.0,0.0,0.0,0.0
160,40.617_-74.0698,40.617,-74.0698,0.51716477,0.0,0.0,0.0,0.0
161,40.62_-74.0042,40.62,-74.0042,0.51680666,0.0,1.0,0.6666666666666666,0.0
162,40.812_-73.9065,40.812,-73.9065,0.5119474,0.0,0.0,0.0,0.0
163,40.8945_-73.8581,40.8945,-73.8581,0.5119474,0.0,0.0,0.0,0.0
164,40.6849_-73.9159,40.6849,-73.9159,0.5079297,0.0,0.0,0.0,0.0
165,40.5937_-73.7757,40.5937,-73.7757,0.5051652,0.0,1.0,0.5,0.0
166,40.8352_-73.8611,40.8352,-73.8611,0.5042397,0.0,0.0,0.0,0.0
